[[,name,club,age,age_cat,position,position_cat,page_views,fpl_value,fpl_sel,fpl_points,region,nationality,new_foreign,new_signing,special,height_cm,weight_kg,eur_value,eur_wage,overall,pac,sho,pas,dri,def,phy,international_reputation,preferred_foot,big_club
128,Eden Hazard,Chelsea,26,3,LW,1,4220,10.5,2.30%,224,2,Belgium,0,0,2096,173,76,90.50,295000,90,90,82,84,92,32,66,4,Right,1
244,Kevin De Bruyne,Manchester City,26,3,AM,1,2252,10,17.50%,199,2,Belgium,0,0,2162,181,68,83.00,285000,89,75,84,88,85,45,75,4,Right,1
23,Alexis Sanchez,Arsenal,28,4,LW,1,4329,12,17.10%,264,3,Chile,0,0,2181,169,62,67.50,265000,89,86,84,80,89,40,78,4,Right,1
332,Paul Pogba,Manchester United,24,2,CM,2,7435,8,19.50%,115,2,France,0,1,2238,191,84,66.50,195000,87,74,79,84,85,68,88,4,Right,1
379,Sergio Agüero,Manchester City,29,4,CF,1,4046,11.5,9.70%,175,3,Argentina,0,0,2074,173,70,66.50,325000,89,87,88,75,89,23,72,4,Right,1
80,Christian Eriksen,Tottenham Hotspur,25,3,AM,1,1130,9.5,12.00%,218,2,Denmark,0,0,2064,182,76,65.00,165000,87,75,78,88,84,47,63,3,Right,0
108,David de Gea,Manchester United,26,3,GK,4,2126,5.5,26.10%,136,2,Spain,0,0,1458,193,76,64.50,215000,90,90,85,87,90,58,86,4,Right,1
296,Mesut Ozil,Arsenal,28,4,AM,1,4395,9.5,5.60%,167,2,Germany,0,0,1927,180,76,60.00,265000,88,71,74,87,86,24,58,4,Left,1
164,Harry Kane,Tottenham Hotspur,23,2,CF,1,4161,12.5,35.10%,224,1,England,0,0,2062,188,86,59.00,165000,86,73,87,72,78,42,83,3,Right,0
356,Romelu Lukaku,Manchester United,24,2,CF,1,3727,11.5,45.00%,221,2,Belgium,0,0,1998,190,94,59.00,210000,86,83,85,70,74,34,84,3,Left,1
400,Thibaut Courtois,Chelsea,25,3,GK,4,1260,5.5,18.50%,141,2,Belgium,0,0,1282,199,94,59.00,190000,89,85,91,69,88,49,86,4,Left,1
343,Philippe Coutinho,Liverpool,25,3,AM,1,2958,9,30.80%,171,3,Brazil,0,0,2049,171,71,56.00,205000,86,82,78,83,88,35,64,3,Right,1
311,N'Golo Kanté,Chelsea,26,3,DM,2,4042,5,13.80%,83,2,France,0,1,2154,168,68,52.50,190000,87,81,66,75,79,81,84,3,Right,1
25,Alvaro Morata,Chelsea,24,2,CF,1,2648,10.6,21.30%,76,2,Spain,1,1,1880,189,85,51.00,170000,85,83,81,71,80,24,74,3,Right,1
22,Alexandre Lacazette,Arsenal,26,3,CF,1,1183,10.5,26.50%,0,2,France,1,0,2063,175,73,48.50,180000,85,86,83,71,85,38,77,3,Right,1
173,Ilkay Gundogan,Manchester City,26,3,CM,2,1586,5.5,1.00%,41,2,Germany,0,1,2148,180,80,46.00,190000,85,71,74,83,87,64,71,3,Right,1
111,David Silva,Manchester City,31,4,AM,1,1434,8,3.30%,130,2,Spain,0,0,1977,173,67,44.00,220000,87,68,72,87,87,38,61,4,Left,1
60,Bernardo Silva,Manchester City,22,2,RW,1,1098,8,4.60%,0,2,Portugal,1,0,2012,173,64,43.50,165000,84,81,72,81,90,45,61,2,Left,1
120,Dele Alli,Tottenham Hotspur,21,1,CM,2,4626,9.5,38.60%,225,1,England,0,0,2122,188,80,43.00,115000,84,76,81,77,82,64,78,3,Right,0
68,Cesc Fabregas,Chelsea,30,4,CM,2,2378,7,7.50%,121,2,Spain,0,0,2118,180,77,41.00,210000,86,63,77,88,80,61,64,4,Right,1
404,Toby Alderweireld,Tottenham Hotspur,28,4,CB,3,756,6,13.30%,120,2,Belgium,0,0,2047,187,91,40.50,165000,86,66,58,72,65,87,80,3,Right,0
169,Henrikh Mkhitaryan,Manchester United,28,4,AM,1,3312,8,4.50%,73,4,Armenia,0,1,2148,177,75,39.00,195000,85,86,79,80,87,54,70,3,Right,1
362,Sadio Mané,Liverpool,25,3,LW,1,3219,9.5,5.30%,156,4,Senegal,0,1,2046,175,69,39.00,175000,84,93,78,75,85,36,75,3,Right,1
171,Hugo Lloris,Tottenham Hotspur,30,4,GK,4,847,5.5,12.60%,143,2,France,0,0,1318,188,82,38.00,165000,88,88,86,68,90,64,82,4,Left,0
67,César Azpilicueta Tanco,Chelsea,27,3,RB,3,869,6.5,12.30%,170,2,Spain,0,0,2099,178,78,37.50,160000,85,79,55,75,74,86,78,3,Right,1
136,Eric Bailly,Manchester United,23,2,CB,3,1588,6,10.20%,105,4,Cote d'Ivoire,0,1,1890,187,77,35.50,150000,84,78,42,59,65,84,84,2,Right,1
258,Leroy Sané,Manchester City,21,1,LW,1,2302,8.5,8.80%,105,2,Germany,0,1,2001,183,75,34.50,125000,82,94,77,72,86,35,70,2,Left,1
37,Anthony Martial,Manchester United,21,1,CF,1,2430,8,0.60%,95,2,France,0,0,2052,181,76,33.00,115000,82,90,79,71,86,41,74,3,Right,1
109,David Luiz Moreira Marinho,Chelsea,30,4,CB,3,2745,6,20.30%,132,3,Brazil,0,0,2123,189,84,33.00,190000,86,70,64,74,71,84,81,4,Right,1
353,Roberto Firmino,Liverpool,25,3,SS,1,2196,8.5,20.30%,180,3,Brazil,0,0,2101,181,76,33.00,135000,83,77,81,79,85,46,77,3,Right,1
306,Mohamed Salah,Liverpool,25,3,RW,1,1117,9,12.40%,0,4,Egypt,1,0,2032,175,71,32.50,135000,83,93,73,74,87,45,66,3,Left,1
26,Ander Herrera Agüera,Manchester United,27,3,CM,2,1603,5.5,7.70%,97,2,Spain,0,0,2213,182,70,32.00,190000,84,73,72,81,83,78,77,3,Right,1
385,Shkodran Mustafi,Arsenal,25,3,CB,3,1877,5.5,4.00%,90,2,Germany,0,1,1942,184,82,31.50,145000,84,67,57,63,62,83,79,3,Right,1
426,Willian Borges da Silva,Chelsea,28,4,RW,1,1165,7,9.00%,114,3,Brazil,0,0,2061,175,77,31.50,200000,84,88,76,81,86,49,64,3,Right,1
149,Gabriel Fernando de Jesus,Manchester City,20,1,CF,1,4254,10.5,15.20%,67,3,Brazil,0,1,1967,175,73,31.00,115000,81,87,79,71,87,26,67,2,Right,1
236,Juan Manuel Mata García,Manchester United,29,4,AM,1,2280,7,3.50%,102,2,Spain,0,0,1984,170,63,30.50,195000,84,67,76,84,84,32,55,3,Left,1
335,Pedro Rodríguez Ledesma,Chelsea,29,4,RW,1,1500,8,7.80%,162,2,Spain,0,0,1987,169,65,30.50,200000,84,82,77,77,85,37,62,3,Right,1
349,Riyad Mahrez,Leicester City,26,3,RW,1,1753,8.5,1.70%,120,4,Algeria,0,0,1935,179,67,30.50,88000,83,82,74,78,88,28,55,3,Left,0
345,Raheem Sterling,Manchester City,22,2,LW,1,2074,8,3.80%,149,1,England,0,0,1960,170,69,29.50,140000,82,93,71,74,85,46,61,3,Right,1
197,Jan Vertonghen,Tottenham Hotspur,30,4,CB,3,511,6,9.00%,126,2,Belgium,0,0,2079,189,88,28.50,130000,85,67,65,73,70,85,81,3,Left,0
170,Heung Min Son,Tottenham Hotspur,25,3,LW,1,2185,8,1.60%,174,4,South Korea,0,0,1975,183,77,28.00,95000,82,86,83,75,83,25,66,3,Right,0
114,Davy Klaassen,Everton,24,2,AM,1,428,7.5,3.60%,0,2,Netherlands,1,0,2108,179,70,27.50,110000,82,73,80,74,74,67,79,2,Right,0
159,Granit Xhaka,Arsenal,24,2,DM,2,1815,5.5,2.00%,85,2,Switzerland,0,0,1991,185,82,27.50,110000,82,50,66,79,72,72,78,3,Left,1
419,Virgil van Dijk,Southampton,26,3,CB,3,1102,5.5,4.00%,75,2,Netherlands,0,0,2011,193,92,27.50,89000,83,73,60,67,69,83,85,3,Right,0
156,Georginio Wijnaldum,Liverpool,26,3,CM,2,1280,7,7.10%,149,2,Netherlands,0,1,2167,175,69,27.00,130000,82,81,75,76,84,66,74,3,Right,1
435,Zlatan Ibrahimovic,Manchester United,35,6,CF,1,4157,10,16.00%,198,2,Sweden,0,0,2075,195,95,27.00,240000,88,65,88,81,82,32,82,5,Right,1
216,Joel Matip,Liverpool,25,3,CB,3,1313,5.5,2.30%,97,2,Cameroon,0,1,1884,195,90,26.50,110000,83,67,46,68,66,84,78,2,Right,1
275,Marcus Rashford,Manchester United,19,1,CF,1,3668,7.5,4.80%,76,1,England,0,0,2040,185,70,26.50,74000,81,92,77,73,83,38,74,2,Right,1
429,Xherdan Shaqiri,Stoke City,25,3,RW,1,1000,6,3.20%,80,2,Switzerland,0,0,2073,169,72,26.50,85000,82,83,77,78,85,46,65,3,Left,0
129,Ederson Santana de Moraes,Manchester City,23,2,GK,4,297,5.5,4.50%,0,3,Brazil,1,0,1320,188,86,26.00,87000,83,81,76,82,87,63,78,2,Left,1
401,Tiémoué Bakayoko,Chelsea,22,2,DM,2,1011,5,1.60%,0,2,France,1,0,1978,189,85,26.00,105000,82,73,49,70,77,81,83,2,Right,1
418,Vincent Kompany,Manchester City,31,4,CB,3,935,6,6.60%,57,2,Belgium,0,0,1913,193,85,26.00,170000,85,63,54,65,64,84,83,4,Right,1
4,Aaron Ramsey,Arsenal,26,3,CM,2,1040,7,5.10%,56,1,Wales,0,0,2114,183,76,25.50,130000,82,68,75,79,81,65,75,3,Right,1
7,Adam Lallana,Liverpool,29,4,AM,1,1808,7.5,6.40%,139,1,England,0,0,2141,172,73,25.00,135000,83,73,75,80,84,65,74,3,Right,1
137,Eric Dier,Tottenham Hotspur,23,2,DM,2,1239,5,3.50%,93,1,England,0,0,2045,188,90,25.00,85000,82,72,63,71,65,81,85,2,Right,0
309,Moussa Dembélé,Tottenham Hotspur,30,4,CM,2,1161,5,1.80%,76,2,Belgium,0,0,2186,185,88,25.00,115000,83,76,72,77,85,75,84,3,Left,0
319,Nemanja Matic,Manchester United,28,4,DM,2,892,5,5.00%,105,2,Serbia,0,0,2123,194,85,25.00,180000,84,64,70,77,72,80,87,3,Left,1
39,Antonio Rüdiger,Chelsea,24,2,CB,3,454,6,6.40%,0,2,Germany,1,0,1838,190,85,24.50,105000,82,74,40,64,63,82,79,2,Right,1
172,Idrissa Gueye,Everton,27,3,CM,2,705,5,1.30%,80,4,Senegal,0,1,2045,174,66,24.50,115000,83,76,60,70,77,83,81,2,Right,0
270,Manuel Lanzini,West Ham United,24,2,AM,1,493,7,7.20%,133,3,Argentina,0,0,1926,167,59,24.50,95000,81,82,71,78,86,28,55,2,Right,0
308,Morgan Schneiderlin,Everton,27,3,DM,2,1272,5,0.90%,37,2,France,0,1,2078,185,75,24.50,115000,83,68,62,76,77,79,81,2,Right,0
30,Andreas Christensen,Chelsea,21,1,CB,3,796,5.4000001,1.00%,28,2,Denmark,1,1,1729,188,78,24.00,86000,81,72,31,62,69,84,72,2,Right,1
252,Kyle Walker,Manchester City,27,3,RB,3,1008,6.5,18.50%,142,1,England,0,0,2164,183,83,24.00,130000,83,90,63,73,76,80,81,3,Right,1
99,Daniel Sturridge,Liverpool,27,3,CF,1,2042,8,4.30%,54,1,England,0,0,1882,180,76,23.50,140000,82,76,82,69,79,25,68,3,Left,1
161,Gylfi Sigurdsson,Everton,27,3,AM,1,861,8.5,8.70%,181,2,Iceland,0,1,2096,186,77,23.00,130000,82,66,81,84,79,52,70,3,Right,0
357,Ross Barkley,Everton,23,2,AM,1,1413,7.5,0.70%,144,1,England,0,0,2021,189,76,23.00,105000,81,77,73,77,82,55,77,2,Right,0
417,Victor Wanyama,Tottenham Hotspur,26,3,DM,2,1002,5,3.10%,103,4,Kenya,0,1,2103,184,87,23.00,99000,82,64,66,70,74,82,91,2,Right,0
278,Marko Arnautovic,West Ham United,28,4,LW,1,579,7,0.70%,117,2,Austria,0,1,2094,192,83,22.50,125000,82,77,74,79,81,53,81,3,Right,0
424,Wilfried Zaha,Crystal Palace,24,2,RW,1,1709,7,20.90%,149,4,Cote d'Ivoire,0,0,1897,180,66,22.50,60000,81,90,71,71,86,33,72,2,Right,0
181,Jack Wilshere,Arsenal,25,3,CM,2,1759,5.5,0.00%,61,1,England,0,0,2102,172,68,22.00,115000,81,71,69,80,82,62,72,3,Left,1
199,Javier Hernández,West Ham United,29,4,CF,1,637,6.8000002,8.20%,41,3,Mexico,1,1,1917,175,73,22.00,135000,82,79,80,66,78,31,59,3,Right,0
318,Nathaniel Clyne,Liverpool,26,3,RB,3,602,5.5,4.50%,129,1,England,0,0,2057,175,67,22.00,115000,82,83,61,71,77,80,76,2,Right,1
113,Davinson Sánchez,Tottenham Hotspur,21,1,CB,3,387,6,0.70%,37,3,Colombia,1,1,1745,187,79,21.50,70000,81,71,47,50,59,81,83,2,Right,0
228,Jordan Henderson,Liverpool,27,3,CM,2,1236,5.5,1.80%,73,1,England,0,0,2183,182,67,21.50,115000,82,72,70,83,76,76,81,2,Right,1
324,Olivier Giroud,Arsenal,30,4,CF,1,2230,8.5,2.50%,116,2,France,0,0,1933,192,88,21.50,140000,82,53,81,70,73,38,83,3,Left,1
103,Danny Rose,Tottenham Hotspur,27,3,LB,3,848,6.5,0.60%,84,1,England,0,0,2117,174,76,21.00,99000,82,81,63,73,78,81,78,3,Left,0
153,Gary Cahill,Chelsea,31,4,CB,3,1420,6.5,12.00%,178,1,England,0,0,1839,193,86,21.00,160000,84,63,58,52,61,84,78,3,Right,1
167,Hector Bellerin,Arsenal,22,2,RB,3,1675,6,13.70%,119,2,Spain,0,0,2005,178,74,21.00,91000,81,95,51,69,78,75,70,3,Right,1
254,Laurent Koscielny,Arsenal,31,4,CB,3,912,6,0.70%,121,2,France,0,0,1866,186,75,21.00,150000,84,75,41,62,65,85,78,3,Right,1
274,Marcos Rojo,Manchester United,27,3,CB,3,1063,5.5,0.10%,77,3,Argentina,0,0,2045,187,80,21.00,130000,82,71,59,69,68,81,83,3,Left,1
299,Michael Keane,Everton,24,2,CB,3,1362,5.5,13.10%,113,1,England,0,0,1888,191,82,21.00,91000,81,72,49,64,68,82,82,2,Right,0
20,Alex Oxlade-Chamberlain,Liverpool,23,2,RM,2,1519,6,1.80%,83,1,England,0,0,2004,175,70,20.00,105000,80,88,70,74,84,52,71,2,Right,1
302,Michy Batshuayi,Chelsea,23,2,CF,1,1162,8.5,1.60%,48,2,Belgium,0,1,1852,185,86,20.00,120000,80,79,80,59,77,27,74,2,Right,1
320,Nicolás Otamendi,Manchester City,29,4,CB,3,621,5.5,3.30%,100,3,Argentina,0,0,1886,183,81,20.00,140000,83,63,56,59,54,83,81,3,Right,1
135,Emre Can,Liverpool,23,2,DM,2,1253,5,6.60%,104,2,Germany,0,0,2135,184,82,19.50,105000,80,71,67,77,77,78,84,2,Right,1
371,Santi Cazorla,Arsenal,32,5,CM,2,943,7,0.10%,38,2,Spain,0,0,2120,168,66,19.50,130000,83,65,76,85,85,61,63,3,Right,1
241,Kasper Schmeichel,Leicester City,30,4,GK,4,1601,5,2.40%,109,2,Denmark,0,0,1355,189,89,19.00,65000,83,83,82,82,86,61,80,2,Right,0
378,Serge Aurier,Tottenham Hotspur,24,2,RB,3,722,5.9000001,0.30%,9,4,Ivory Coast,1,1,2136,176,76,19.00,79000,81,84,66,73,77,78,84,2,Right,0
139,Erik Lamela,Tottenham Hotspur,25,3,RW,1,672,6.5,0.10%,28,3,Argentina,0,0,2047,181,80,18.50,96000,80,76,77,79,82,45,67,2,Left,0
79,Christian Benteke,Crystal Palace,26,3,CF,1,1661,8,10.50%,136,2,Belgium,0,1,1868,190,83,18.00,75000,80,73,78,65,73,33,80,3,Right,0
176,Islam Slimani,Leicester City,29,4,CF,1,1581,7,0.70%,83,4,Algeria,0,1,1985,188,83,18.00,92000,81,69,77,67,72,47,85,3,Right,0
177,Jack Butland,Stoke City,24,2,GK,4,402,5,2.80%,20,1,England,0,0,1225,196,95,18.00,50000,81,81,83,72,85,41,78,2,Right,0
354,Roberto Pereyra,Watford,26,3,AM,1,398,6,0.10%,43,3,Argentina,0,1,2078,182,77,18.00,69000,80,78,68,80,81,66,68,2,Right,0
105,Danny Welbeck,Arsenal,26,3,CF,1,1521,7.5,0.50%,37,1,England,0,0,1972,185,73,17.50,130000,80,84,74,71,79,37,78,3,Right,1
119,Dejan Lovren,Liverpool,28,4,CB,3,708,5.5,1.30%,106,2,Croatia,0,0,1739,188,84,17.50,110000,81,56,40,59,63,81,82,2,Right,1
160,Grzegorz Krychowiak,West Bromwich Albion,27,3,CM,2,178,5,0.30%,25,2,Poland,1,1,1992,186,85,17.50,81000,81,65,58,72,66,79,86,3,Right,0
246,Kevin Mirallas,Everton,29,4,RW,1,417,6.5,3.20%,119,2,Belgium,0,0,2059,182,72,17.50,125000,81,83,77,77,83,46,65,2,Right,0
273,Marcos Alonso Mendoza,Chelsea,26,3,LB,3,3069,7,12.40%,177,2,Spain,0,1,2134,188,84,17.50,115000,81,77,69,77,77,77,80,2,Left,1
300,Michail Antonio,West Ham United,27,3,RW,1,1142,7.5,0.50%,132,1,England,0,0,2074,178,80,17.50,120000,80,85,74,70,81,52,82,2,Right,0
40,Antonio Valencia,Manchester United,31,4,RB,3,1561,6.5,6.20%,120,3,Ecuador,0,0,2185,180,83,17.00,130000,83,87,66,75,81,78,85,2,Right,1
76,Chris Smalling,Manchester United,27,3,CB,3,834,5.5,1.30%,52,1,England,0,0,1826,194,81,17.00,120000,81,72,46,56,59,81,83,3,Right,1
195,Jamie Vardy,Leicester City,30,4,CF,1,2988,8.5,1.50%,161,1,England,0,0,2047,179,74,17.00,89000,81,91,79,63,77,51,78,3,Right,0
267,Mamadou Sakho,Crystal Palace,27,3,CB,3,934,5,0.10%,35,2,France,0,0,1728,187,83,17.00,63000,81,61,33,62,56,80,85,3,Left,0
388,Sofiane Boufal,Southampton,23,2,AM,1,590,6,0.30%,40,4,Morocco,0,1,1842,170,60,17.00,90000,79,82,71,73,86,36,43,2,Right,0
415,Vicente Iborra,Leicester City,29,4,DM,2,253,6,0.80%,0,2,Spain,1,0,2062,190,91,17.00,85000,82,50,73,73,68,83,83,2,Right,0
269,Manolo Gabbiadini,Southampton,25,3,CF,1,2012,7,5.20%,38,2,Italy,0,0,1893,186,81,16.50,98000,79,74,81,71,78,25,70,2,Left,0
364,Salomón Rondón,West Bromwich Albion,27,3,CF,1,502,6.5,2.00%,118,3,Venezuela,0,0,1792,186,86,16.00,89000,80,75,77,56,74,31,80,2,Right,0
375,Sead Kolasinac,Arsenal,24,2,LB,3,618,6,6.90%,0,2,Bosnia,1,0,1888,183,85,15.50,91000,80,78,53,61,64,78,89,2,Left,1
421,Wayne Rooney,Everton,31,4,SS,1,7664,7.5,20.90%,76,1,England,0,0,2127,176,83,15.50,120000,81,68,81,81,76,52,81,4,Right,0
126,Duan Tadic,Southampton,28,4,LW,1,458,6.5,4.90%,108,2,Portugal,0,0,1954,181,76,15.00,98000,80,70,67,80,83,37,63,2,Left,0
193,James Ward-Prowse,Southampton,22,2,CM,2,416,5.5,2.20%,92,1,England,0,0,2056,173,66,15.00,68000,78,66,66,84,75,61,67,2,Right,0
250,Kurt Zouma,Stoke City,22,2,CB,3,723,5.5,0.80%,15,2,France,0,0,1861,190,96,15.00,96000,79,67,50,58,55,79,83,2,Right,0
399,Theo Walcott,Arsenal,28,4,RW,1,2393,7.5,1.50%,122,1,England,0,0,1976,176,68,15.00,125000,80,91,75,72,80,38,66,3,Right,1
187,James McCarthy,Everton,26,3,CM,2,306,5,0.10%,23,2,Ireland,0,0,2047,180,72,14.50,110000,80,70,60,75,74,77,81,2,Right,0
220,John Stones,Manchester City,23,2,CB,3,1078,5.5,2.30%,59,1,England,0,1,1807,188,75,14.50,105000,79,71,35,67,71,80,77,2,Right,1
341,Phil Jones,Manchester United,25,3,CB,3,808,5,0.40%,55,1,England,0,0,1884,185,71,14.50,115000,80,61,56,65,62,80,80,2,Right,1
47,Asmir Begovic,Bournemouth,30,4,GK,4,697,4.5,9.30%,2,2,Bosnia,0,0,1233,199,83,14.00,64000,82,81,81,73,82,55,79,3,Right,0
101,Danny Drinkwater,Chelsea,27,3,CM,2,714,5,0.20%,69,1,England,0,0,2069,177,70,14.00,125000,79,68,67,76,77,74,77,2,Right,1
212,Joe Hart,West Ham United,30,4,GK,4,842,4.4000001,8.10%,40,1,England,1,1,1312,196,91,14.00,110000,82,81,78,75,83,60,80,3,Right,0
262,Loris Karius,Liverpool,24,2,GK,4,1255,5,0.20%,32,2,Germany,0,0,1203,189,87,14.00,71000,80,84,74,74,85,50,76,2,Right,1
264,Luke Shaw,Manchester United,22,2,LB,3,947,5,0.40%,45,1,England,0,0,2011,185,75,14.00,91000,79,82,51,71,77,76,76,2,Left,1
376,Séamus Coleman,Everton,28,4,RB,3,843,6.5,0.40%,133,2,Ireland,0,0,2064,177,67,14.00,115000,81,73,66,72,78,80,77,2,Right,0
63,Bruno Martins Indi,Stoke City,25,3,CB,3,478,4.9000001,0.00%,4,2,Netherlands,1,1,1719,185,76,13.50,71000,79,57,42,59,57,79,81,2,Left,0
95,Daley Blind,Manchester United,27,3,LB,3,867,5.5,1.20%,98,2,Netherlands,0,0,2078,180,72,13.50,120000,80,60,56,79,76,80,76,3,Left,1
112,Davide Zappacosta,Chelsea,25,3,RB,3,593,5.9000001,0.30%,23,2,Italy,1,1,2079,182,70,13.50,110000,79,82,66,70,75,75,76,2,Right,1
145,Florian Lejeune,Newcastle United,26,3,CB,3,65,4.5,1.00%,0,2,France,0,0,1821,189,89,13.50,75000,79,49,57,59,60,78,85,2,Right,0
292,Matteo Darmian,Manchester United,27,3,RB,3,1640,5.5,0.30%,70,2,Italy,0,0,2005,182,70,13.50,120000,80,77,58,69,75,80,73,2,Right,1
325,Orestis Karnezis,Watford,31,4,GK,4,231,4.5,0.00%,0,2,Greece,1,1,1212,190,81,13.50,30000,82,80,83,70,84,39,80,2,Right,0
370,Sandro Ramírez Castillo,Everton,22,2,CF,1,373,7.5,2.10%,0,2,Spain,1,0,1888,175,71,13.50,84000,77,75,80,64,78,27,66,2,Right,0
28,André Ayew,West Ham United,27,3,LW,1,845,7,3.40%,89,4,Ghana,0,1,2086,176,72,13.00,110000,79,75,74,75,79,56,77,3,Left,0
52,Ben Davies,Tottenham Hotspur,24,2,LB,3,396,5.5,1.80%,90,2,Wales,0,0,1974,182,76,13.00,79000,79,76,56,72,74,78,76,2,Left,0
58,Benjamin Mendy,Manchester City,22,2,CB,3,1458,6.3000002,0.40%,17,2,France,1,1,1935,185,85,13.00,86000,78,82,48,70,75,74,79,2,Left,1
66,Cédric Ricardo Alves Soares,Southampton,25,3,RB,3,338,5,16.40%,102,2,Portugal,0,0,2118,172,67,13.00,82000,79,82,67,72,76,76,72,2,Right,0
207,Jesse Lingard,Manchester United,24,2,LW,1,1939,6,0.70%,60,1,England,0,0,2005,175,62,13.00,95000,78,83,74,72,81,51,67,2,Right,1
316,Nathan Redmond,Southampton,23,2,RW,1,706,6.5,11.30%,126,1,England,0,1,1783,173,69,13.00,68000,77,87,69,70,82,24,52,2,Right,0
326,Oriol Romeu,Southampton,25,3,DM,2,476,4.5,4.20%,80,2,Spain,0,0,1837,183,83,13.00,82000,79,57,39,65,64,78,85,2,Right,0
32,Andros Townsend,Crystal Palace,26,3,RW,1,693,6,2.70%,116,1,England,0,1,1906,181,73,12.50,55000,78,85,75,73,80,33,63,2,Left,0
45,Ashley Williams,Everton,32,5,CB,3,599,5.5,4.70%,127,2,Wales,0,1,1757,183,77,12.50,115000,82,65,43,56,61,81,81,3,Right,0
143,Fernando Luiz Rosa,Manchester City,32,5,DM,2,338,4.5,0.40%,18,3,Brazil,0,0,2150,179,67,12.50,130000,82,73,73,76,78,77,78,3,Right,1
256,Leighton Baines,Everton,32,5,LB,3,491,6,10.00%,135,1,England,0,0,2211,170,74,12.50,115000,82,70,71,80,79,80,71,3,Left,0
416,Victor Moses,Chelsea,26,3,RM,2,2537,6.5,0.20%,105,4,Nigeria,0,0,2103,177,79,12.50,115000,79,83,71,72,82,70,74,2,Right,1
431,Yaya Touré,Manchester City,34,6,CM,2,2318,6.5,2.50%,86,4,Cote d'Ivoire,0,0,2161,189,90,12.50,145000,83,63,82,80,76,70,83,4,Right,1
5,Abdoulaye Doucouré,Watford,24,2,CM,2,124,5,0.00%,38,2,France,0,0,2023,182,69,12.00,45000,78,66,71,73,76,74,81,2,Right,0
146,Francis Coquelin,Arsenal,26,3,DM,2,549,4.5,1.70%,52,2,France,0,0,1965,178,74,12.00,110000,79,66,52,67,75,78,80,2,Right,1
155,Georges-Kévin Nkoudou,Tottenham Hotspur,22,2,LW,1,510,5.5,0.10%,8,2,France,0,1,1906,175,73,12.00,73000,77,91,72,71,79,35,62,1,Right,0
247,Kevin Wimmer,Stoke City,24,2,CB,3,355,4.5,0.30%,2,2,Austria,0,1,1669,187,85,12.00,53000,78,57,27,61,64,79,75,2,Left,0
276,Mario Lemina,Southampton,23,2,CM,2,118,5,0.20%,18,4,Gabon,1,1,2073,184,85,12.00,68000,77,78,66,77,79,67,75,2,Right,0
281,Marouane Fellaini,Manchester United,29,4,CM,2,1498,5,0.20%,48,2,Belgium,0,0,2038,194,85,12.00,140000,79,52,72,70,73,76,89,3,Right,1
359,Ryan Bertrand,Southampton,27,3,LB,3,578,5.5,11.20%,123,1,England,0,0,2027,179,85,12.00,86000,80,79,53,71,77,79,75,2,Left,0
387,Simon Mignolet,Liverpool,29,4,GK,4,721,5,1.60%,110,2,Belgium,0,0,1268,193,87,12.00,91000,81,80,76,65,84,56,78,3,Right,1
403,Timothy Fosu-Mensah,Crystal Palace,19,1,DM,2,860,4.5,0.20%,9,2,Netherlands,0,1,1947,190,78,12.00,52000,76,84,62,66,66,74,77,1,Right,0
423,Wilfred Ndidi,Leicester City,20,1,DM,2,821,5,0.50%,59,4,Nigeria,0,1,1988,183,74,12.00,47000,77,74,60,65,67,78,80,1,Right,0
206,Jesé Rodríguez Ruíz,Stoke City,24,2,LW,1,524,5.5,300.00%,25,2,Spain,1,1,1807,178,72,11.50,64000,77,83,71,73,81,24,56,2,Right,0
225,Jonjo Shelvey,Newcastle United,25,3,CM,2,747,5.5,2.50%,0,1,England,0,0,2030,184,80,11.50,66000,77,62,73,79,73,60,77,2,Right,0
235,Joshua King,Bournemouth,25,3,SS,1,997,7.5,10.40%,178,2,Norway,0,0,1828,180,74,11.50,69000,77,90,77,60,76,29,70,1,Right,0
242,Kelechi Iheanacho,Leicester City,20,1,CF,1,1662,7,1.50%,52,4,Nigeria,0,1,1762,185,82,11.50,50000,75,84,75,60,74,22,68,1,Left,0
428,Winston Reid,West Ham United,29,4,CB,3,338,5,0.40%,102,4,New Zealand,0,0,1753,190,87,11.50,105000,79,69,52,49,50,80,81,2,Right,0
29,Andre Gray,Watford,26,3,CF,1,687,6.5,1.70%,108,1,England,0,0,1860,180,78,11.00,63000,77,89,76,62,72,29,78,1,Right,0
71,Charlie Austin,Southampton,28,4,CF,1,874,6.5,2.10%,62,1,England,0,0,1831,188,84,11.00,85000,78,65,79,56,68,40,76,1,Right,0
115,Davy Pröpper,Brighton & Hove Albion,25,3,CM,2,257,5.4000001,0.10%,36,2,Netherlands,1,1,2033,185,79,11.00,50000,77,67,72,73,75,61,75,2,Right,0
133,Eliaquim Mangala,Manchester City,26,3,CB,3,644,5,0.10%,3,2,France,0,0,1800,187,84,11.00,100000,78,70,42,55,51,78,85,2,Left,1
168,Henri Saivet,Newcastle United,26,3,CM,2,167,4.4000001,0.00%,0,4,Senegal,1,1,2099,175,73,11.00,68000,77,74,71,77,79,65,70,2,Right,0
312,Nacer Chadli,West Bromwich Albion,27,3,LW,1,570,6,2.40%,110,2,Belgium,0,1,2006,187,80,11.00,68000,78,76,77,75,78,45,76,2,Right,0
394,Steve Mounié,Huddersfield Town,22,2,CF,1,56,6,0.60%,0,4,Benin,0,0,1866,190,80,11.00,50000,76,74,74,61,66,44,81,1,Right,0
407,Tom Heaton,Burnley,31,4,GK,4,717,5,13.50%,149,1,England,0,0,1271,188,86,11.00,51000,81,80,79,76,83,54,80,2,Right,0
433,Yohan Cabaye,Crystal Palace,31,4,CM,2,456,5.5,1.40%,91,2,France,0,0,2122,174,70,11.00,69000,79,63,73,78,75,73,71,2,Right,0
3,Aaron Mooy,Huddersfield Town,26,3,CM,2,588,5.5,2.50%,0,4,Australia,0,0,2051,174,78,10.50,52000,77,69,70,77,75,66,76,1,Right,0
33,Andy Carroll,West Ham United,28,4,CF,1,1212,6,0.40%,69,1,England,0,0,1913,193,79,10.50,105000,78,62,78,61,68,49,85,2,Left,0
100,Danilo Luiz da Silva,Manchester City,25,3,RB,3,781,5.0999999,1.90%,24,3,Brazil,1,1,2123,184,78,10.50,95000,78,78,70,71,74,76,79,2,Right,1
165,Harry Maguire,Leicester City,24,2,CB,3,488,5,1.50%,71,1,England,0,0,1667,194,100,10.50,53000,77,46,37,56,61,77,82,1,Right,0
179,Jack Cork,Burnley,28,4,DM,2,204,4.5,0.50%,50,1,England,0,0,2032,185,69,10.50,60000,78,59,62,75,74,76,79,2,Right,0
289,Matt Phillips,West Bromwich Albion,26,3,RW,1,454,6,5.60%,115,2,Scotland,0,1,1859,183,75,10.50,68000,77,87,71,69,78,35,71,1,Right,0
338,Petr Cech,Arsenal,35,6,GK,4,1529,5.5,5.90%,134,2,Czech Republic,0,0,1206,196,90,10.50,92000,86,82,87,76,81,42,83,4,Left,1
363,Saido Berahino,Stoke City,23,2,CF,1,841,6,0.80%,26,1,England,0,0,1777,180,82,10.50,65000,76,79,77,57,76,27,61,2,Right,0
412,Troy Deeney,Watford,29,4,CF,1,1141,6.5,3.40%,130,1,England,0,0,1918,183,90,10.50,65000,78,65,81,65,69,35,85,2,Right,0
430,Yannick Bolasie,Everton,28,4,LW,1,896,6.5,0.20%,45,4,Congo DR,0,1,1871,188,84,10.50,105000,78,87,68,68,84,31,78,2,Right,0
35,Angelo Ogbonna,West Ham United,29,4,CB,3,247,4.5,1.10%,45,2,Italy,0,0,1726,191,86,10.00,105000,79,70,40,58,60,81,76,2,Left,0
55,Ben Mee,Burnley,27,3,CB,3,166,4.5,13.70%,94,1,England,0,0,1782,180,74,10.00,53000,78,66,37,58,65,77,82,1,Left,0
87,Claudio Yacob,West Bromwich Albion,30,4,DM,2,165,4.5,0.40%,54,3,Argentina,0,0,1856,181,73,10.00,78000,79,43,59,66,69,78,75,2,Right,0
102,Danny Ings,Liverpool,24,2,CF,1,748,5.5,0.10%,0,1,England,0,0,1872,178,73,10.00,92000,76,82,74,64,77,35,71,1,Right,1
142,Fabian Delph,Manchester City,27,3,CM,2,520,4.5,0.40%,13,1,England,0,0,2073,174,60,10.00,110000,77,74,69,73,82,68,75,2,Left,1
163,Harry Arter,Bournemouth,27,3,CM,2,666,5,0.90%,84,2,Ireland,0,0,2030,176,70,10.00,66000,77,67,72,74,74,67,77,1,Right,0
210,Joe Allen,Stoke City,27,3,CM,2,523,5.5,6.00%,118,2,Wales,0,1,1963,168,62,10.00,68000,77,62,63,73,77,70,70,2,Right,0
227,Jonny Evans,West Bromwich Albion,29,4,CB,3,375,5,1.60%,79,2,Northern Ireland,0,0,1706,188,77,10.00,78000,79,65,32,59,52,80,74,2,Right,0
229,Jordan Pickford,Everton,23,2,GK,4,719,5,14.60%,102,1,England,0,0,1304,185,77,10.00,59000,77,77,76,85,82,44,73,1,Left,0
249,Kieran Trippier,Tottenham Hotspur,26,3,RB,3,525,5.5,17.30%,51,1,England,0,0,2054,178,72,10.00,76000,78,77,56,77,75,76,75,2,Right,0
305,Mohamed Elneny,Arsenal,25,3,DM,2,683,4.5,0.80%,26,4,Egypt,0,0,1959,180,70,10.00,76000,77,60,61,73,70,72,78,1,Right,1
313,Nacho Monreal,Arsenal,31,4,LB,3,555,5.5,4.70%,115,2,Spain,0,0,2021,179,72,10.00,110000,80,76,53,72,75,80,74,2,Left,1
334,Pedro Mba Obiang Avomo,West Ham United,25,3,CM,2,286,4.5,0.30%,55,2,Spain,0,0,1990,185,75,10.00,79000,77,68,59,75,74,75,77,2,Right,0
336,Per Mertesacker,Arsenal,32,5,CB,3,702,5,1.00%,1,2,Germany,0,0,1558,198,90,10.00,110000,81,27,41,55,47,85,70,3,Right,1
361,Ryan Shawcross,Stoke City,29,4,CB,3,281,5,1.00%,94,2,England,0,0,1671,191,76,10.00,78000,79,49,44,52,50,80,84,2,Right,0
397,Steven Defour,Burnley,29,4,CM,2,336,5.5,0.20%,54,2,Belgium,0,1,2129,175,72,10.00,60000,78,69,71,78,77,74,74,2,Right,0
425,Will Hughes,Watford,22,2,CM,2,258,5,0.60%,0,1,England,1,0,1893,185,74,10.00,42000,75,66,59,72,77,65,65,1,Left,0
18,Alex Iwobi,Arsenal,21,1,LW,1,1812,5.5,1.00%,89,4,Nigeria,0,0,1698,180,75,9.50,64000,74,78,61,66,82,28,65,1,Right,1
36,Anthony Knockaert,Brighton & Hove Albion,25,3,RW,1,726,6,4.80%,0,2,France,0,0,1922,172,69,9.50,50000,76,75,72,72,81,31,67,1,Left,0
78,Christian Atsu,Newcastle United,25,3,RW,1,641,5,2.10%,0,4,Ghana,0,0,1882,165,65,9.50,66000,76,92,67,70,79,35,55,1,Left,0
189,James Milner,Liverpool,31,4,CM,2,1824,6.5,10.40%,139,1,England,0,0,2155,175,70,9.50,110000,80,67,74,82,77,76,78,2,Right,1
271,Marc Albrighton,Leicester City,27,3,LM,2,347,5.5,1.10%,95,1,England,0,0,1988,175,74,9.50,68000,77,79,69,74,77,47,70,2,Right,0
315,Nathan Ake,Bournemouth,22,2,CB,3,1274,5,11.50%,55,2,Netherlands,0,0,1892,180,75,9.50,44000,75,76,49,67,66,75,74,1,Left,0
329,Pascal Groß,Brighton & Hove Albion,26,3,CM,2,22,5.5,0.30%,0,2,Germany,0,0,2054,181,76,9.50,52000,76,66,70,79,74,62,76,2,Right,0
347,Ramadan Sobhi,Stoke City,20,1,LW,1,461,5,1.10%,36,4,Egypt,0,1,1840,183,75,9.50,45000,74,75,62,71,77,43,65,1,Right,0
348,Ramiro Funes Mori,Everton,26,3,CB,3,460,5,0.10%,69,3,Argentina,0,0,1847,186,78,9.50,88000,77,68,49,61,65,76,78,2,Left,0
352,Robbie Brady,Burnley,25,3,LM,2,614,5.5,0.40%,39,2,Ireland,0,0,2085,175,69,9.50,55000,76,81,71,75,76,65,69,1,Left,0
377,Sebastian Prodl,Watford,30,4,CB,3,169,4.5,0.80%,67,2,Austria,0,0,1526,196,97,9.50,63000,79,37,36,50,40,80,81,2,Right,0
380,Sergio Romero,Manchester United,30,4,GK,4,849,5,0.20%,23,3,Argentina,0,0,1251,192,87,9.50,97000,80,78,76,81,82,45,78,3,Right,1
390,Stefano Okaka,Watford,27,3,CF,1,708,5.5,0.20%,43,2,Italy,0,1,1734,186,90,9.50,63000,77,73,74,57,72,27,83,2,Right,0
14,Ahmed Musa,Leicester City,24,2,CF,1,742,6.5,1.50%,39,4,Nigeria,0,1,1854,171,66,9.00,55000,75,93,75,62,78,28,57,2,Right,0
16,Aleksandar Dragovic,Leicester City,26,3,CF,1,215,4.9000001,0.00%,0,2,Austria,1,1,1881,184,76,9.00,47000,77,72,51,61,65,78,76,2,Right,0
17,Aleksandar Mitrovic,Newcastle United,22,2,CF,1,781,5,2.50%,0,2,Serbia,0,0,1697,187,90,9.00,55000,75,59,75,52,67,24,81,1,Right,0
69,Chancel Mbemba,Newcastle United,22,2,CB,3,127,4,11.40%,15,4,Congo DR,1,1,1799,182,82,9.00,54000,76,74,54,53,66,75,80,1,Right,0
86,Claudio Bravo,Manchester City,34,6,GK,4,436,5,1.20%,73,3,Chile,0,1,1464,184,80,9.00,110000,82,80,80,87,81,56,77,3,Right,1
110,David Ospina,Arsenal,28,4,GK,4,544,5,0.20%,2,3,Colombia,0,0,1159,183,80,9.00,91000,79,83,71,78,84,34,77,2,Right,1
138,Eric Maxim Choupo-Moting,Stoke City,28,4,CF,1,786,5.6999998,6.00%,56,4,Cameroon,0,1,1888,191,91,9.00,71000,77,77,73,68,83,36,72,2,Right,0
166,Harry Winks,Tottenham Hotspur,21,1,CM,2,806,5,0.00%,30,1,England,0,0,1866,176,74,9.00,55000,74,73,58,74,74,57,65,1,Right,0
200,Javier Manquillo Gaitán,Newcastle United,23,2,CB,3,119,4.4000001,1.40%,29,2,Spain,1,1,1891,178,76,9.00,54000,76,76,45,65,71,73,72,1,Right,0
268,Mame Biram Diouf,Stoke City,29,4,CF,1,310,5.5,0.40%,51,4,Senegal,0,0,1959,185,79,9.00,77000,77,83,75,61,68,65,81,2,Right,0
310,Muhamed Besic,Everton,24,2,DM,2,238,4.5,0.20%,0,2,Germany,0,0,1899,180,80,9.00,76000,76,68,50,64,74,76,76,2,Right,0
317,Nathaniel Chalobah,Watford,22,2,DM,2,977,4.5,2.30%,12,1,England,0,0,1938,185,76,9.00,38000,75,67,61,70,74,73,73,1,Right,0
344,Pierre-Emile Hojbjerg,Southampton,21,1,CM,2,368,4.5,0.40%,38,2,Denmark,0,1,1976,185,84,9.00,52000,75,64,61,73,75,69,77,2,Right,0
369,Sam Vokes,Burnley,27,3,CF,1,290,6,2.90%,121,2,Wales,0,0,1886,188,90,9.00,63000,76,58,77,64,71,43,83,1,Right,0
393,Steve Cook,Bournemouth,26,3,CB,3,184,5,2.00%,112,1,England,0,0,1581,185,82,9.00,61000,77,56,27,52,60,77,77,1,Right,0
2,Aaron Lennon,Everton,30,4,RW,1,504,5.5,0.20%,22,1,England,0,0,1865,165,63,8.50,97000,77,83,64,71,82,38,62,2,Right,0
65,Callum Wilson,Bournemouth,25,3,CF,1,337,6,0.20%,63,1,England,0,0,1870,180,66,8.50,58000,75,90,73,63,74,34,76,1,Right,0
73,Cheikhou Kouyaté,West Ham United,27,3,DM,2,284,5,0.10%,79,4,Senegal,0,0,1983,189,83,8.50,83000,77,74,65,61,69,77,88,2,Right,0
77,Chris Wood,Burnley,25,3,CF,1,145,6.4000001,1.20%,32,4,New Zealand,0,1,1847,191,95,8.50,51000,75,71,76,57,67,37,80,1,Right,0
127,Dwight Gayle,Newcastle United,26,3,CF,1,1351,6.5,11.40%,0,1,England,0,0,1768,174,78,8.50,63000,75,83,76,55,72,25,60,1,Right,0
191,James Tarkowski,Burnley,24,2,CB,3,116,4.5,0.10%,23,1,England,0,0,1812,191,81,8.50,45000,76,64,43,61,64,75,79,1,Right,0
202,Jeff Hendrick,Burnley,25,3,CM,2,352,5.5,0.20%,76,2,Ireland,0,1,2067,185,79,8.50,46000,75,72,68,74,75,70,78,1,Right,0
248,Kieran Gibbs,West Bromwich Albion,27,3,LB,3,489,5,0.50%,45,1,England,0,0,1990,179,70,8.50,62000,78,79,55,70,74,77,72,2,Left,0
263,Luka Milivojevic,Crystal Palace,26,3,DM,2,407,5,0.20%,42,2,Serbia,0,0,1973,186,80,8.50,53000,76,62,62,70,66,74,81,1,Right,0
294,Mauro Zárate,Watford,30,4,SS,1,473,5.5,0.00%,8,3,Argentina,0,0,1951,176,76,8.50,63000,77,77,79,68,85,33,65,2,Right,0
12,Adrián San Miguel Castillo,West Ham United,30,4,GK,4,266,4.5,0.80%,64,2,Spain,0,0,1246,190,80,8.00,80000,79,81,76,69,83,45,75,2,Right,0
15,Alberto Moreno Pérez,Liverpool,25,3,LB,3,397,4.5,0.30%,8,2,Spain,0,0,2028,171,65,8.00,76000,76,88,65,68,78,68,74,2,Left,1
49,Ayoze Pérez Gutiérrez,Newcastle United,23,2,SS,1,368,5.5,1.60%,0,2,Spain,0,0,1829,178,72,8.00,50000,74,75,72,62,80,25,64,1,Right,0
98,Daniel Amartey,Leicester City,22,2,DM,2,356,4.5,0.30%,53,4,Ghana,0,0,1961,186,79,8.00,45000,75,73,60,63,70,72,86,1,Right,0
122,Diafra Sakho,West Ham United,27,3,CF,1,214,5.5,0.10%,12,4,Senegal,0,0,1797,184,79,8.00,83000,75,73,72,58,72,31,72,1,Right,0
190,James Morrison,West Bromwich Albion,31,4,CM,2,238,5.5,0.00%,84,2,Scotland,0,0,2018,178,64,8.00,68000,77,65,76,76,77,60,66,2,Right,0
201,Jay Rodriguez,West Bromwich Albion,27,3,CF,1,472,6,2.90%,73,1,England,0,0,1863,185,80,8.00,68000,76,77,75,68,76,32,67,2,Right,0
205,Jermain Defoe,Bournemouth,34,6,CF,1,3213,8,15.00%,166,1,England,0,0,1880,171,65,8.00,87000,80,74,85,61,79,25,65,2,Right,0
287,Mathew Ryan,Brighton & Hove Albion,25,3,GK,4,344,4.5,1.50%,0,4,Australia,0,0,1341,184,82,8.00,36000,77,76,74,90,78,52,74,1,Right,0
384,Shinji Okazaki,Leicester City,31,4,CF,1,607,5.5,1.20%,63,4,Japan,0,0,1977,173,78,8.00,74000,77,74,74,69,78,47,75,2,Right,0
405,Tom Cleverley,Watford,27,3,CM,2,703,5,0.20%,55,1,England,0,0,1972,175,67,8.00,58000,76,67,69,75,75,58,65,2,Right,0
41,Arthur Masuaku,West Ham United,23,2,LB,3,199,4.5,0.20%,34,4,Congo DR,0,1,2016,179,70,7.50,60000,75,86,66,70,78,70,73,1,Left,0
57,Benik Afobe,Bournemouth,24,2,CF,1,528,6,0.70%,88,4,Congo DR,0,0,1776,183,78,7.50,53000,74,80,73,60,71,26,72,1,Right,0
85,Ciaran Clark,Newcastle United,27,3,CB,3,273,4.5,0.90%,0,2,Ireland,0,0,1806,185,88,7.50,63000,76,62,52,55,57,77,76,2,Left,0
107,Daryl Janmaat,Watford,27,3,RB,3,242,5,0.30%,50,2,Netherlands,0,1,2048,185,80,7.50,53000,77,74,63,70,74,74,81,2,Right,0
141,Etienne Capoue,Watford,29,4,DM,2,412,5.5,8.00%,131,2,France,0,0,1973,190,87,7.50,60000,76,58,70,70,73,74,76,2,Right,0
182,Jake Livermore,West Bromwich Albion,27,3,DM,2,564,5,0.20%,77,1,England,0,0,2004,180,76,7.50,57000,75,64,66,73,72,71,80,2,Right,0
260,Lewis Dunk,Brighton & Hove Albion,25,3,CB,3,140,4.5,4.10%,0,1,England,0,0,1585,192,88,7.50,38000,75,50,37,51,60,74,79,1,Right,0
382,Shane Long,Southampton,30,4,CF,1,703,6,0.30%,57,2,Ireland,0,0,1897,178,70,7.50,85000,76,83,72,60,74,37,80,2,Right,0
1,Aaron Cresswell,West Ham United,27,3,LB,3,380,5,1.30%,60,1,England,0,0,2025,170,66,7.00,83000,76,76,59,72,76,73,68,2,Left,0
147,Fraser Forster,Southampton,29,4,GK,4,548,5,7.30%,134,1,England,0,0,1178,201,93,7.00,61000,77,74,78,69,80,34,76,2,Right,0
184,Jamaal Lascelles,Newcastle United,27,3,CB,3,400,4.5,3.60%,0,1,England,0,0,1557,188,89,7.00,45000,74,62,27,49,54,75,76,1,Right,0
290,Matt Ritchie,Newcastle United,27,3,RM,2,566,6,4.20%,0,2,Scotland,0,0,1994,172,76,7.00,58000,75,75,75,72,76,51,68,1,Left,0
327,Pablo Zabaleta,West Ham United,32,5,RB,3,698,5,2.70%,45,3,Argentina,0,0,2033,178,74,7.00,99000,79,61,56,70,73,81,78,3,Right,0
402,Tim Krul,Brighton & Hove Albion,29,4,GK,4,244,4,0.90%,0,2,Netherlands,0,1,1242,188,74,7.00,41000,77,77,77,69,77,42,75,2,Left,0
406,Tom Davies,Everton,19,1,CM,2,1354,5.5,1.00%,63,1,England,0,0,1861,180,70,7.00,46000,73,73,61,71,74,58,73,1,Right,0
408,Tom Ince,Huddersfield Town,25,3,RW,1,512,6,2.60%,0,1,England,0,0,1761,178,66,7.00,46000,74,79,69,68,77,26,53,1,Left,0
24,Allan Nyom,West Bromwich Albion,29,4,RB,3,236,5,0.30%,74,4,Cameroon,0,1,1863,188,81,6.50,65000,77,75,47,63,67,78,83,2,Right,0
82,Christian Kabasele,Watford,26,3,CB,3,177,4.5,0.20%,35,2,Belgium,0,1,1782,188,84,6.50,44000,75,73,50,49,62,74,79,1,Right,0
121,Demarai Gray,Leicester City,21,1,LW,1,593,5.5,1.10%,58,1,England,0,0,1711,180,74,6.50,45000,73,90,66,64,80,23,55,1,Right,0
175,Isaac Success,Watford,21,1,LW,1,474,5.5,0.10%,28,4,Nigeria,0,1,1785,182,90,6.50,38000,73,84,68,64,76,29,71,1,Right,0
186,James McArthur,Crystal Palace,29,4,CM,2,216,4.5,10.90%,93,2,Scotland,0,0,1933,178,66,6.50,51000,75,62,60,72,71,72,76,1,Right,0
288,Mathias Jorgensen,Huddersfield Town,27,3,CB,3,107,4.5,0.20%,0,2,Denmark,0,0,1726,191,85,6.50,40000,75,69,39,61,56,73,82,1,Right,0
301,Michel Vorm,Tottenham Hotspur,33,5,GK,4,252,5,0.10%,17,2,Netherlands,0,0,1292,184,84,6.50,74000,79,78,76,72,82,55,75,2,Right,0
330,Patrick van Aanholt,Crystal Palace,26,3,LB,3,524,5.5,4.20%,98,2,Netherlands,0,0,1989,176,67,6.50,44000,75,86,63,67,74,70,72,1,Left,0
373,Scott Dann,Crystal Palace,30,4,CB,3,217,5,1.10%,61,1,England,0,0,1600,188,78,6.50,53000,77,45,40,52,49,78,77,2,Right,0
381,Shane Duffy,Brighton & Hove Albion,25,3,CB,3,243,4.5,0.60%,0,2,Ireland,0,0,1626,193,76,6.50,38000,74,51,42,51,46,72,79,1,Right,0
396,Steven Davis,Southampton,32,5,CM,2,310,5,0.20%,77,2,Northern Ireland,0,0,2024,173,70,6.50,79000,77,64,61,77,77,67,74,2,Right,0
31,Andrew Surman,Bournemouth,30,4,CM,2,154,4.5,1.10%,44,1,England,0,0,1947,178,73,6.00,56000,75,61,64,75,72,64,71,1,Left,0
43,Ashley Barnes,Burnley,27,3,CF,1,287,5.5,1.20%,81,1,England,0,0,1891,186,76,6.00,53000,74,67,73,63,73,42,81,1,Right,0
48,Axel Tuanzebe,Manchester United,19,1,CB,3,279,4,1.70%,14,1,England,0,0,1713,185,75,6.00,44000,73,75,34,57,64,73,72,1,Right,1
53,Ben Foster,West Bromwich Albion,34,6,GK,4,484,4.5,20.70%,113,1,England,0,0,1241,193,90,6.00,60000,80,79,79,73,84,49,77,2,Left,0
92,Craig Dawson,West Bromwich Albion,27,3,RB,3,215,5,6.00%,102,1,England,0,0,1730,188,85,6.00,52000,75,65,43,59,60,76,76,2,Right,0
192,James Tomkins,Crystal Palace,28,4,CB,3,208,4.5,2.00%,75,1,England,0,1,1611,192,74,6.00,46000,75,51,33,53,54,77,75,2,Right,0
253,Laurent Depoitre,Huddersfield Town,28,4,CF,1,212,5.5,0.30%,0,2,Belgium,0,0,1717,191,91,6.00,50000,74,58,72,59,63,37,84,1,Right,0
293,Matthew Lowton,Burnley,28,4,RB,3,121,4.5,1.20%,90,1,England,0,0,2001,180,78,6.00,55000,76,75,60,69,73,74,77,1,Right,0
307,Molla Wagué,Watford,26,3,CB,3,171,4.5,0.00%,0,4,Mali,0,0,1491,191,87,6.00,24000,74,58,33,41,44,74,81,1,Right,0
19,Alex McCarthy,Southampton,27,3,GK,4,34,4.4000001,0.10%,0,1,England,0,1,1216,193,79,5.50,49000,75,76,73,61,78,57,74,1,Right,0
94,Dale Stephens,Brighton & Hove Albion,27,3,CM,2,122,4.5,0.90%,0,1,England,0,0,1993,185,71,5.50,46000,74,63,65,73,67,71,75,1,Right,0
140,Erik Pieters,Stoke City,28,4,LB,3,134,5,1.30%,103,2,Netherlands,0,0,1872,183,84,5.50,55000,75,66,40,65,67,78,78,2,Left,0
188,James McClean,West Bromwich Albion,28,4,LW,1,454,5,0.20%,52,2,Ireland,0,0,2003,180,70,5.50,60000,74,77,67,69,76,58,75,2,Left,0
222,Jonas Lössl,Huddersfield Town,28,4,GK,4,56,4.5,0.50%,0,2,Denmark,0,0,1070,195,88,5.50,21000,75,74,77,67,77,32,71,1,Right,0
257,Leonardo Ulloa,Leicester City,30,4,CF,1,472,5,0.20%,24,2,Argentina,0,0,1807,188,89,5.50,62000,74,49,72,62,69,42,79,1,Right,0
277,Mark Noble,West Ham United,30,4,CM,2,425,5.5,0.10%,71,1,England,0,0,2013,180,76,5.50,83000,76,46,66,75,74,70,76,2,Right,0
284,Marvin Zeegelaar,Watford,26,3,LB,3,256,4.4000001,0.70%,23,2,Netherlands,1,1,1984,186,82,5.50,44000,75,78,65,67,73,71,80,1,Left,0
295,Maya Yoshida,Southampton,28,4,CB,3,317,5,1.10%,78,4,Japan,0,0,1727,189,78,5.50,63000,75,62,41,51,61,76,75,1,Right,0
351,Rob Holding,Arsenal,21,1,CB,3,666,5,1.70%,32,1,England,0,1,1654,189,75,5.50,40000,72,62,34,53,65,73,74,1,Right,1
360,Ryan Fraser,Bournemouth,23,2,LW,1,516,5.5,1.60%,100,2,Scotland,0,0,1832,163,60,5.50,49000,73,88,64,68,76,42,55,1,Right,0
74,Chris Brunt,West Bromwich Albion,32,5,LM,2,242,5.5,0.80%,99,2,Northern Ireland,0,0,2046,185,84,5.00,57000,75,59,74,79,75,65,67,2,Left,0
81,Christian Fuchs,Leicester City,31,4,LB,3,417,5,3.50%,104,2,Austria,0,0,2129,187,89,5.00,62000,76,62,69,77,71,76,77,2,Left,0
154,Geoff Cameron,Stoke City,32,5,CB,3,260,4.5,0.50%,58,4,United States,0,0,1937,191,84,5.00,62000,76,63,56,67,68,78,77,2,Right,0
218,Joel Ward,Crystal Palace,27,3,RB,3,154,5,0.60%,86,1,England,0,0,1838,188,83,5.00,44000,74,65,54,65,65,76,75,1,Right,0
232,José Miguel da Rocha Fonte,West Ham United,33,5,CB,3,867,5,2.10%,98,2,Portugal,0,1,1630,187,81,5.00,99000,79,43,35,52,60,79,77,3,Right,0
279,Marko Grujic,Liverpool,21,1,CM,2,615,4.5,0.20%,4,2,Serbia,0,0,1927,191,82,5.00,45000,71,67,68,67,67,69,77,1,Right,1
322,Oleksandr Zinchenko,Manchester City,20,1,CM,2,179,5,0.00%,0,4,Ukraine,1,1,1939,175,64,5.00,51000,72,72,61,75,75,58,58,1,Left,1
432,Yohan Benalouane,Leicester City,30,4,CB,3,305,4.5,0.10%,27,4,Tunisia,0,0,1764,185,86,4.90,52000,75,64,39,57,54,75,79,1,Right,0
70,Charlie Adam,Stoke City,31,4,CM,2,561,5,0.10%,59,2,Scotland,0,0,1967,185,83,4.80,57000,74,43,75,79,67,58,72,2,Left,0
72,Charlie Daniels,Bournemouth,30,4,LB,3,185,5,19.80%,134,1,England,0,0,1983,178,75,4.80,51000,75,76,55,72,74,72,70,1,Left,0
104,Danny Simpson,Leicester City,30,4,RB,3,428,4.5,5.50%,85,1,England,0,0,1849,176,80,4.80,52000,75,69,38,61,67,77,76,2,Right,0
198,Jason Puncheon,Crystal Palace,31,4,AM,1,427,5,1.20%,92,1,England,0,0,2017,173,66,4.80,48000,74,66,68,75,75,61,70,1,Left,0
243,Kenedy,Chelsea,21,1,LB,3,566,5,0.10%,3,3,Brazil,0,0,1858,182,77,4.80,48000,72,80,66,64,76,49,64,1,Left,1
389,Solly March,Brighton & Hove Albion,23,2,RM,2,139,5,0.20%,0,1,England,0,0,1789,180,88,4.80,27000,72,83,67,66,77,38,61,1,Left,0
118,DeAndre Yedlin,Newcastle United,24,2,RB,3,764,4.5,5.20%,0,3,United States,0,0,1932,172,75,4.70,45000,73,93,51,64,74,67,76,1,Right,0
219,Johann Berg Gudmundsson,Burnley,26,3,RW,1,180,5,0.10%,47,2,Iceland,0,1,1966,178,77,4.70,48000,73,78,72,69,76,49,72,1,Left,0
217,Joel Robles Blázquez,Everton,27,3,GK,4,304,4.5,0.40%,89,2,Spain,0,0,1154,195,90,4.60,60000,74,78,69,75,77,51,72,1,Right,0
223,Jonathan Hogg,Huddersfield Town,28,4,CM,2,75,4.5,0.30%,0,1,England,0,0,1872,176,73,4.60,42000,74,70,55,65,68,71,79,1,Right,0
230,Jordon Ibe,Bournemouth,21,1,RW,1,504,5,0.40%,36,1,England,0,0,1803,176,81,4.60,31000,72,85,67,62,77,45,66,1,Right,0
259,Lewis Cook,Bournemouth,20,1,CM,2,243,4.5,0.80%,17,1,England,0,0,1881,175,71,4.60,31000,71,73,56,68,76,63,70,1,Right,0
44,Ashley Westwood,Burnley,27,3,DM,2,161,4.5,0.10%,13,1,England,0,0,1895,170,67,4.50,48000,73,65,53,76,71,63,66,1,Right,0
106,Darren Fletcher,Stoke City,33,5,CM,2,512,4.9000001,0.70%,36,2,Scotland,0,1,1990,183,83,4.50,68000,76,49,66,74,68,80,74,2,Right,0
303,Miguel Britos,Watford,32,5,CB,3,131,4.5,0.60%,71,3,Uruguay,0,0,1603,190,85,4.50,44000,75,50,34,50,52,76,74,2,Left,0
340,Phil Jagielka,Everton,34,6,CB,3,566,5,6.30%,104,1,England,0,0,1914,180,87,4.50,110000,80,50,46,58,55,82,78,2,Right,0
366,Sam Byram,West Ham United,23,2,RB,3,198,4.5,0.30%,29,1,England,0,0,1925,180,72,4.50,60000,73,75,60,66,72,70,73,1,Right,0
434,Younès Kaboul,Watford,31,4,CB,3,263,4.5,0.10%,57,2,France,0,1,1720,193,87,4.50,44000,75,52,44,56,55,74,79,2,Right,0
46,Ashley Young,Manchester United,32,5,LM,2,936,5,0.00%,26,1,England,0,0,2061,175,65,4.40,84000,75,77,69,77,79,65,61,2,Right,1
355,Rolando Aarons,Newcastle United,21,1,LW,1,170,4.5,0.10%,0,1,England,0,0,1686,178,76,4.40,32000,72,84,62,65,77,32,49,1,Left,0
386,Simon Francis,Bournemouth,32,5,RB,3,167,4.5,4.00%,89,1,England,0,0,1828,183,90,4.40,61000,76,65,43,69,67,76,76,1,Right,0
392,Stephen Ward,Burnley,31,4,LB,3,152,4.5,2.50%,91,2,Ireland,0,0,1984,184,82,4.40,44000,75,68,59,69,70,74,78,2,Left,0
208,Jesús Gámez Duarte,Newcastle United,32,5,RB,3,186,4,2.30%,0,2,Spain,0,0,1898,177,75,4.30,63000,76,66,51,63,66,78,81,2,Right,0
13,Ahmed Hegazy,West Bromwich Albion,26,3,CB,3,82,4.5,1.30%,0,4,Egypt,1,0,1411,195,83,4.20,52000,73,45,20,41,47,74,76,1,Right,0
224,Jonathan Walters,Burnley,33,5,CF,1,87,5.0999999,0.10%,2,2,Ireland,0,1,1992,183,79,4.20,53000,75,63,73,70,72,59,82,2,Right,0
238,Junior Stanislas,Bournemouth,27,3,LW,1,315,6,0.60%,107,1,England,0,0,1754,183,76,4.20,56000,73,80,68,71,73,32,56,1,Right,0
9,Adam Smith,Bournemouth,26,3,RB,3,200,5,0.90%,104,1,England,0,0,1903,180,78,4.10,51000,73,76,55,69,73,71,69,1,Right,0
90,Connor Wickham,Crystal Palace,24,2,CF,1,248,5.5,0.00%,18,1,England,0,0,1732,191,90,4.10,33000,72,66,72,61,66,27,76,1,Right,0
97,Dan Gosling,Bournemouth,27,3,CM,2,184,5,0.10%,49,1,England,0,0,1951,183,79,4.10,56000,73,62,68,70,68,67,71,1,Right,0
83,Christopher Schindler,Huddersfield Town,27,3,CB,3,73,4.5,0.90%,0,2,Germany,0,0,1642,189,77,4.00,40000,73,65,32,57,51,74,73,1,Right,0
231,Jose Holebas,Watford,33,5,LB,3,345,5,0.60%,87,2,Greece,0,0,2112,185,81,4.00,53000,78,80,67,70,74,76,82,2,Left,0
372,Scott Arfield,Burnley,28,4,LM,2,304,5,0.10%,69,3,Canada,0,0,1976,178,70,4.00,51000,73,69,68,72,74,63,68,1,Right,0
134,Elias Kachunga,Huddersfield Town,25,3,RW,1,231,6,0.60%,0,4,Congo DR,0,0,1860,178,74,3.90,30000,72,84,71,63,72,37,74,1,Right,0
178,Jack Colback,Newcastle United,27,3,DM,2,181,4.5,1.10%,0,1,England,0,0,1895,177,77,3.90,53000,73,63,59,68,69,69,70,1,Left,0
323,Oliver Burke,West Bromwich Albion,20,1,CM,2,134,5.0999999,0.00%,6,1,England,0,1,1686,188,74,3.90,32000,70,90,62,60,71,36,69,1,Right,0
358,Ruben Loftus-Cheek,Crystal Palace,21,1,CM,2,685,4.5,16.40%,6,1,England,0,0,1749,191,83,3.90,27000,70,67,55,63,71,64,75,1,Right,0
59,Beram Kayal,Brighton & Hove Albion,29,4,CM,2,167,4.5,0.30%,0,4,Israel,0,0,1992,178,74,3.80,46000,73,71,61,70,73,67,81,1,Right,0
124,Dominic Solanke,Liverpool,19,1,CF,1,671,5,2.00%,0,1,England,0,0,1690,187,80,3.80,38000,70,75,67,62,73,25,63,1,Right,1
240,Kasey Palmer,Huddersfield Town,20,1,AM,1,220,5.5,0.20%,0,1,England,0,0,1823,175,68,3.80,48000,71,76,66,67,74,47,61,1,Right,0
272,Marc Pugh,Bournemouth,30,4,LW,1,140,5,0.10%,64,1,England,0,0,1830,180,72,3.80,56000,73,71,66,67,76,39,68,1,Right,0
304,Mohamed Diamé,Newcastle United,30,4,CM,2,339,5,0.50%,0,4,Senegal,0,0,2035,184,86,3.80,58000,73,73,70,67,78,73,77,2,Right,0
144,Florent Hadergjonaj,Huddersfield Town,22,2,RB,3,124,4.5,0.00%,9,2,Switzerland,1,1,1813,182,73,3.70,13000,72,76,48,65,69,68,67,1,Right,0
157,Glen Johnson,Stoke City,32,5,RB,3,512,4.5,0.80%,56,1,England,0,0,2006,182,78,3.70,52000,75,71,63,72,76,73,72,2,Right,0
214,Joel Castro Pereira,Manchester United,21,1,GK,4,395,4,1.00%,6,2,Portugal,0,0,1048,188,70,3.70,34000,71,69,74,63,72,43,68,1,Right,1
283,Martin Kelly,Crystal Palace,27,3,RB,3,210,4.5,0.30%,46,1,England,0,0,1753,191,77,3.70,44000,73,58,44,61,62,74,76,2,Right,0
328,Pape Souaré,Crystal Palace,27,3,LB,3,186,4.5,0.00%,6,4,Senegal,0,0,1984,178,66,3.70,44000,73,74,51,70,72,71,74,1,Left,0
314,Nahki Wells,Burnley,27,3,CF,1,247,5,0.60%,0,3,Bermuda,0,0,1883,170,69,3.60,38000,72,83,71,61,73,43,68,1,Right,0
420,Wayne Hennessey,Crystal Palace,30,4,GK,4,242,4.5,2.10%,92,2,Wales,0,0,1093,198,90,3.60,36000,74,73,75,80,71,41,76,2,Right,0
422,Wes Morgan,Leicester City,33,5,CB,3,649,4.5,3.30%,63,3,Jamaica,0,0,1476,186,101,3.60,62000,77,37,30,41,57,77,82,2,Right,0
297,Michael Carrick,Manchester United,35,6,DM,2,1789,4.5,1.80%,42,1,England,0,0,1992,188,74,3.50,86000,80,44,65,81,72,75,66,3,Right,1
203,Jeffrey Schlupp,Crystal Palace,24,2,LB,3,385,5,0.30%,47,4,Ghana,0,0,1957,178,72,3.40,27000,72,87,61,62,74,67,77,1,Left,0
410,Tommy Smith,Huddersfield Town,25,3,RB,3,65,5,1.10%,0,1,England,0,0,1761,186,84,3.30,27000,72,74,34,67,65,70,73,1,Right,0
75,Chris Löwe,Huddersfield Town,28,4,LB,3,84,4.5,0.70%,0,2,Germany,0,0,1995,175,68,3.20,42000,73,79,60,68,70,70,69,1,Left,0
91,Craig Cathcart,Watford,28,4,CB,3,128,4.5,0.00%,31,2,Northern Ireland,0,0,1609,190,83,3.20,46000,73,56,37,54,54,74,73,1,Right,0
204,Jérémy Pied,Southampton,28,4,RM,2,136,4.5,0.10%,5,2,France,0,1,2071,173,69,3.20,63000,73,71,68,74,75,72,73,1,Right,0
34,Andy King,Leicester City,28,4,CM,2,327,4.5,0.70%,41,2,Wales,0,0,1944,184,79,3.10,43000,72,64,71,68,70,68,71,1,Right,0
185,James Collins,West Ham United,33,5,CB,3,187,4.5,0.90%,69,2,Wales,0,0,1617,188,83,3.10,83000,76,31,47,53,43,77,80,2,Right,0
211,Joe Gomez,Liverpool,20,1,CB,3,460,4.5,0.40%,0,1,England,0,0,1623,188,77,3.10,40000,70,77,30,53,65,69,72,1,Right,1
50,Bakary Sako,Crystal Palace,29,4,LW,1,226,5,0.10%,7,4,Mali,0,0,1900,183,90,3.00,36000,72,74,71,69,74,39,76,1,Left,0
174,Isaac Hayden,Newcastle United,22,2,CM,2,128,4.5,0.30%,23,1,England,0,0,1753,185,79,3.00,32000,71,62,49,61,66,69,76,1,Right,0
180,Jack Stephens,Southampton,23,2,CB,3,249,5,0.40%,60,1,England,0,0,1684,185,75,3.00,37000,71,61,41,55,62,72,69,1,Right,0
409,Tomer Hemed,Brighton & Hove Albion,30,4,CF,1,253,5,0.40%,0,4,Israel,0,0,1718,186,80,3.00,34000,72,56,73,52,66,32,73,1,Right,0
427,Willy Caballero,Chelsea,35,6,GK,4,542,5,0.20%,64,3,Argentina,0,0,1241,186,80,3.00,59000,79,80,76,73,81,46,78,2,Right,1
280,Markus Suttner,Brighton & Hove Albion,30,4,LB,3,23,4.5,0.20%,0,2,Austria,0,0,1985,179,73,2.90,40000,73,74,58,72,72,69,71,1,Left,0
391,Stephen Ireland,Stoke City,30,4,CM,2,122,4.5,0.00%,0,2,Ireland,1,1,1819,173,67,2.90,41000,72,54,65,70,72,45,59,1,Right,0
51,Ben Chilwell,Leicester City,20,1,LB,3,288,4.5,0.80%,19,1,England,0,0,1805,178,77,2.80,28000,70,76,43,64,71,66,69,1,Left,0
413,Tyrone Mings,Bournemouth,24,2,CB,3,422,4.5,0.40%,4,1,England,0,0,1710,196,77,2.80,31000,71,74,36,61,66,69,77,1,Left,0
131,Eduardo dos Reis Carvalho,Chelsea,34,6,LW,1,467,5,0.10%,0,2,Portugal,0,1,1245,187,88,2.70,64000,75,75,74,71,75,45,78,2,Right,1
266,Maarten Stekelenburg,Everton,34,6,GK,4,623,4.5,0.30%,68,2,Netherlands,0,1,1166,197,92,2.70,60000,75,76,73,79,75,41,72,2,Right,0
158,Glenn Murray,Brighton & Hove Albion,33,5,CF,1,496,6,1.30%,0,1,England,0,0,1763,185,84,2.50,48000,73,49,73,59,66,35,74,1,Right,0
84,Chung-Yong Lee,Crystal Palace,29,4,RW,1,327,4.5,0.10%,24,4,South Korea,0,0,1858,180,68,2.40,36000,71,72,63,71,72,50,61,2,Right,0
150,Gaëtan Bong,Brighton & Hove Albion,29,4,LB,3,97,4.5,0.20%,0,4,Cameroon,0,0,1818,183,74,2.40,30000,72,70,41,68,70,71,74,1,Left,0
331,Paul Dummett,Newcastle United,25,3,LB,3,177,4.5,1.00%,0,2,Wales,0,0,1784,182,77,2.40,36000,71,65,40,62,67,72,71,1,Left,0
6,Adam Federici,Bournemouth,32,5,GK,4,126,4,1.50%,8,4,Australia,0,0,1293,188,90,2.30,41000,73,73,69,78,73,47,70,1,Right,0
374,Scott Malone,Huddersfield Town,26,3,LB,3,81,4.5,0.10%,0,1,England,0,0,1892,189,75,2.30,29000,71,76,62,63,69,67,73,1,Left,0
11,Adrian Mariappa,Watford,30,4,CB,3,201,4,5.40%,15,3,Jamaica,0,1,1706,180,78,2.20,32000,72,68,34,57,63,75,72,1,Right,0
89,Connor Goldson,Brighton & Hove Albion,24,2,CB,3,52,4,0.80%,0,1,England,0,0,1558,191,85,2.10,25000,70,68,40,52,56,69,73,1,Right,0
93,Cuco Martina,Everton,27,3,RB,3,232,4.5,0.40%,31,2,Curacao,0,0,1862,185,77,2.00,53000,71,71,52,63,63,69,75,1,Right,0
286,Massadio Haïdara,Newcastle United,24,2,LB,3,114,4,0.50%,0,2,France,0,0,1847,181,76,2.00,32000,70,73,51,62,69,69,74,1,Left,0
337,Peter Crouch,Stoke City,36,6,CF,1,2656,5,2.90%,79,1,England,0,0,1683,201,75,2.00,47000,74,33,75,68,66,32,69,2,Right,0
130,Edimilson Fernandes,West Ham United,21,1,CM,2,288,4.5,0.40%,38,2,Switzerland,0,1,1828,190,77,1.90,35000,69,80,67,67,71,52,69,1,Right,0
194,Jamie Murphy,Brighton & Hove Albion,27,3,LW,1,114,5,0.10%,0,2,Scotland,0,0,1839,178,72,1.90,31000,70,79,68,64,70,39,69,1,Right,0
411,Trent Alexander-Arnold,Liverpool,18,1,RB,3,327,4.5,0.30%,15,2,England,0,0,1904,175,69,1.90,23000,69,81,58,70,67,64,66,1,Right,1
116,Dean Marney,Burnley,33,5,CM,2,171,4.5,0.00%,51,1,England,0,0,1995,183,72,1.80,35000,72,67,67,71,69,69,79,1,Right,0
132,Eldin Jakupovic,Leicester City,32,5,GK,4,101,4.3000002,0.10%,0,1,Switzerland,1,1,1168,191,85,1.80,30000,72,73,70,69,77,47,71,1,Right,0
245,Kevin Long,Burnley,26,3,CB,3,68,4,1.70%,3,2,Ireland,0,0,1572,187,82,1.80,32000,70,63,35,43,52,70,76,1,Right,0
298,Michael Hefele,Huddersfield Town,26,3,CB,3,116,4.5,0.20%,0,2,Germany,0,0,1603,192,91,1.80,29000,70,52,44,54,48,68,78,1,Right,0
365,Sam Baldock,Brighton & Hove Albion,28,4,CF,1,204,5,0.20%,0,1,England,0,0,1765,170,67,1.80,36000,70,80,69,50,72,33,64,1,Right,0
123,Dominic Calvert-Lewin,Everton,20,1,SS,1,343,5,0.30%,17,1,England,0,1,1639,187,71,1.70,42000,67,82,64,51,68,31,64,1,Right,0
151,Gareth Barry,West Bromwich Albion,36,6,DM,2,1331,4.5,1.70%,68,1,England,0,0,1983,183,78,1.70,53000,79,32,65,79,68,78,76,2,Left,0
233,Josh Sims,Southampton,20,1,RW,1,126,4.5,0.10%,12,1,England,0,0,1629,168,65,1.70,31000,67,83,59,60,72,29,53,1,Left,0
333,Paulo Gazzaniga,Tottenham Hotspur,25,3,GK,4,111,4.4000001,0.10%,9,3,Argentina,1,1,1341,196,90,1.70,35000,70,67,73,84,70,64,68,1,Right,0
339,Phil Bardsley,Burnley,32,5,RB,3,365,4.5,0.00%,27,2,Scotland,0,1,1862,180,74,1.70,32000,72,62,59,60,64,73,76,1,Right,0
61,Boaz Myhill,West Bromwich Albion,34,6,GK,4,100,4,5.30%,0,2,Wales,0,0,1190,191,92,1.60,42000,73,74,71,69,78,44,70,1,Right,0
239,Karl Darlow,Newcastle United,26,3,GK,4,235,4.5,1.10%,0,1,England,0,0,1174,190,88,1.60,30000,70,70,69,64,73,55,66,1,Right,0
255,Lee Grant,Stoke City,34,6,GK,4,480,4.5,1.20%,106,1,England,0,1,1187,193,83,1.60,42000,73,74,70,69,75,43,72,1,Right,0
291,Matt Targett,Southampton,21,1,LB,3,110,4.5,0.20%,12,1,England,0,0,1725,183,70,1.60,27000,69,75,37,60,64,66,68,1,Left,0
414,Uwe Hünemeier,Brighton & Hove Albion,31,4,CB,3,88,4,8.00%,0,2,Germany,0,0,1720,189,84,1.60,29000,71,57,46,59,56,71,68,1,Right,0
265,Lys Mousset,Bournemouth,21,1,CF,1,131,5,0.10%,14,2,France,0,0,1539,184,80,1.50,29000,69,80,72,39,67,21,60,1,Right,0
285,Mason Holgate,Everton,20,1,CB,3,344,4.5,2.90%,54,1,England,0,0,1672,184,63,1.50,34000,67,76,42,54,65,66,71,1,Right,0
342,Philip Billing,Huddersfield Town,21,1,CM,2,157,4.5,0.10%,0,2,Denmark,0,0,1795,197,80,1.50,18000,67,62,64,62,64,64,68,1,Left,0
196,Jan Bednarek,Southampton,21,1,CB,3,9,4.5,0.40%,0,2,Poland,1,0,1458,189,77,1.40,27000,68,66,22,48,46,66,74,1,Right,0
350,Rob Elliot,Newcastle United,31,4,GK,4,134,4,13.50%,0,2,Ireland,0,0,1128,190,94,1.40,30000,71,70,69,69,71,48,70,1,Left,0
261,Liam Rosenior,Brighton & Hove Albion,33,5,RB,3,132,4,3.20%,0,1,England,0,0,1813,178,77,1.30,29000,71,69,52,59,69,71,67,1,Right,0
152,Gareth McAuley,West Bromwich Albion,37,6,CB,3,458,5,11.80%,131,2,Northern Ireland,0,0,1566,191,89,1.20,44000,77,33,43,50,42,79,76,2,Right,0
346,Rajiv van La Parra,Huddersfield Town,26,3,LW,1,174,5,0.30%,0,2,Netherlands,0,0,1730,181,72,1.20,26000,69,84,56,59,77,37,63,1,Right,0
395,Steve Sidwell,Brighton & Hove Albion,34,6,CM,2,461,4.5,0.60%,0,1,England,0,0,1929,178,80,1.20,31000,71,46,69,70,68,70,69,1,Right,0
56,Ben Woodburn,Liverpool,17,1,LW,1,1241,4.5,0.10%,5,1,Wales,0,0,1574,174,72,1.10,15000,65,77,62,57,68,21,53,1,Right,1
88,Collin Quaner,Huddersfield Town,26,3,CF,1,126,4.5,1.60%,0,2,Germany,0,0,1594,191,79,1.10,28000,68,75,65,53,64,27,73,1,Left,0
209,Jiri Skalak,Brighton & Hove Albion,25,3,LW,1,87,5,0.10%,0,2,Czech Republic,0,0,1766,177,76,1.10,25000,68,68,64,65,71,29,65,1,Right,0
251,Kyle Walker-Peters,Tottenham Hotspur,20,1,RB,3,541,4.0999999,0.90%,7,1,England,0,0,1618,174,64,1.10,14000,65,79,36,55,63,63,61,1,Right,0
10,Ademola Lookman,Everton,19,1,LW,1,1387,5.5,0.30%,16,1,England,0,0,1611,174,78,0.98,13000,64,84,68,48,73,17,60,1,Right,0
96,Damien Delaney,Crystal Palace,36,6,CB,3,195,4.5,0.60%,51,2,Ireland,0,0,1533,191,89,0.95,32000,73,31,41,49,39,73,79,1,Left,0
367,Sam Field,West Bromwich Albion,19,1,CM,2,15,4.5,0.10%,9,1,England,0,0,1678,185,65,0.95,9000,64,60,49,63,62,52,63,1,Left,0
368,Sam McQueen,Southampton,22,2,LM,2,221,4.5,0.10%,23,1,England,0,0,1761,180,70,0.95,31000,67,75,48,61,70,63,68,1,Left,0
148,Fredrik Ulvestad,Burnley,25,3,CM,2,114,4,1.20%,17,2,Norway,0,0,1807,183,79,0.80,13000,66,67,63,64,69,51,67,1,Right,0
162,Hal Robson-Kanu,West Bromwich Albion,28,4,LW,1,766,5,0.70%,52,2,Wales,0,1,1728,183,83,0.80,38000,67,71,67,60,68,37,72,1,Left,0
125,Doneil Henry,West Ham United,24,2,CB,3,108,4.5,0.20%,14,1,England,0,0,1575,188,82,0.75,17000,66,63,44,49,48,63,75,1,Right,0
54,Ben Hamer,Leicester City,29,4,GK,4,132,4.5,0.10%,0,1,England,0,0,1132,192,91,0.70,27000,68,71,63,63,68,45,69,1,Right,0
62,Brad Smith,Bournemouth,23,2,LB,3,297,4,3.30%,4,4,Australia,0,0,1686,177,70,0.70,13000,65,83,43,61,59,56,68,1,Left,0
38,Antonio Martínez López,West Ham United,20,1,CM,2,115,4,0.20%,18,2,Spain,1,1,1483,180,70,0.68,13000,62,72,61,47,58,21,56,1,Right,0
213,Joe Lolley,Huddersfield Town,24,2,RW,1,63,4.5,0.10%,0,1,England,0,0,1680,178,72,0.68,11000,65,75,59,60,68,37,58,1,Left,0
282,Martin Cranie,Huddersfield Town,30,4,CB,3,67,4,1.40%,0,1,England,0,0,1677,183,78,0.65,24000,68,68,42,59,62,67,71,1,Right,0
42,Artur Boruc,Bournemouth,37,6,GK,4,436,4.5,6.90%,120,2,Poland,0,0,1172,193,87,0.60,32000,77,77,73,62,82,38,77,2,Right,0
221,Jon Gorenc Stankovic,Huddersfield Town,21,1,CB,3,83,4,1.10%,0,2,Slovenia,0,0,1487,190,78,0.60,6000,62,53,40,50,53,61,65,1,Right,0
383,Shay Facey,Manchester City,22,2,CM,2,117,4.6999998,0.00%,0,1,England,0,0,1523,179,64,0.55,21000,64,70,28,50,59,63,64,1,Right,1
321,Niki Maenpaa,Brighton & Hove Albion,32,5,GK,4,103,4,2.10%,0,2,Finland,0,0,1008,190,86,0.53,19000,68,70,68,56,66,35,64,1,Right,0
226,Jonjoe Kenny,Everton,20,1,RB,3,53,4.5,0.20%,1,1,England,0,0,1568,176,67,0.50,11000,61,71,33,53,53,60,61,1,Right,0
27,Anders Lindegaard,Burnley,33,5,GK,4,186,4,0.10%,0,2,Denmark,0,1,1205,193,79,0.45,21000,68,68,70,69,67,50,65,2,Right,0
64,Bruno Saltor Grau,Brighton & Hove Albion,36,6,RB,1,215,4.5,0.40%,0,3,Argentina,0,0,1869,178,75,0.45,29000,73,62,45,70,71,74,68,1,Right,0
183,Jakob Haugaard,Stoke City,25,3,GK,4,84,4,0.00%,0,2,Denmark,1,1,1016,199,87,0.45,11000,64,64,65,57,64,46,61,1,Left,0
234,Josh Tymon,Stoke City,18,1,LB,3,120,4.5,0.10%,9,1,England,0,0,1515,178,74,0.38,4000,60,67,36,49,62,58,58,1,Left,0
8,Adam Legzdins,Burnley,30,4,GK,4,93,4,0.10%,0,1, England,0,0,1077,191,78,0.35,10000,65,65,61,65,66,32,64,1,Right,0
215,Joel Coleman,Huddersfield Town,21,1,GK,4,36,4,2.40%,0,1,England,0,0,1035,198,82,0.29,3000,60,61,60,55,61,45,57,1,Right,0
398,Taylor Morrison,West Bromwich Albion,17,1,CM,2,212,5.4000001,0.00%,13,1,England,0,0,1481,181,79,0.19,4000,58,75,34,39,61,57,58,1,Left,0
237,Julián Speroni,Crystal Palace,38,6,GK,4,188,4,2.00%,0,3,Argentina,0,0,1079,186,80,0.16,17000,71,74,70,67,73,43,67,1,Right,0
117,Dean Whitehead,Huddersfield Town,35,6,CM,2,161,4.5,0.10%,0,1,England,0,0,1786,183,77,0.15,8000,66,37,59,63,60,65,67,1,Right,0
21,Alex Palmer,West Bromwich Albion,20,1,GK,4,21,4,0.20%,0,1,England,0,0,918,183,72,0.11,4000,56,63,51,60,60,32,50,1,Right,0
